transaction,time,disc-p,proc-p,size-byte,net-p,net-M,net-speed
TP1,38560.39305046771,0.842529252605045,0.8427879229908899,406,0.0000000009022222222222222,0.0000032480000029304177,125000000
TP2,630672.0833807535,0,0,3024617310,0,0,0

