transaction_name,time,disc-p,proc-p,size-byte,net-p,net-M,net-speed,Increments
TP1,52312.96781297346,0.842529252605045,0.9017777648540982,406,0.0000000009022222222222222,0.0000032480000029304177,125000000,
TP2,631142.1465335066,0,0,4958,0,0,0,
