query,time
Q1,1080218700.000000
Q6,1080218700.000000
Q81,645120003916211971562986799104.000000
Q91,742691572597000425631123219939328.000000
