transaction,time,disc-p,proc-p,size-byte,net-p,net-M,net-speed
TP1,4471754.174238838,0.4360567985282772,0.4363113114056948,449637566383,0.9991945919622222,3597.100531064,125000000
TP2,17.395520111354664,0,0,3024612360,0,0,-125000
TP1,-596.0916273812404,8.721135970565545,8.726226228113896,449637566383,19.983891839244443,3597.100531064,125000000
TP2,17.395520111354664,0,0,3024612360,0,0,12500000
