transaction,time,disc-p,proc-p,net-p
TP1,-26279.999999999996,102912773439088600000000,102912818004538300000000,1569439818597387200000
TP2,5988143013761793000000000000000,0,0,0
TP1,-13139.999999999998,205825546878177200000000,205825636009076600000000,3138879637194774400000
TP2,5988143013761793000000000000000,0,0,0
